{"name":"266d2594-67a1-48fa-a733-02309acab0a1","id":"/providers/Microsoft.Flow/flows/266d2594-67a1-48fa-a733-02309acab0a1","type":"Microsoft.Flow/flows","properties":{"apiId":"/providers/Microsoft.PowerApps/apis/shared_logicflows","displayName":"Copiar de - TRABALHO FINAL ( Fluxo 2 -Resumo Semanal)","definition":{"metadata":{"workflowEntityId":null,"processAdvisorMetadata":null,"flowChargedByPaygo":null,"flowclientsuspensionreason":"None","flowclientsuspensiontime":null,"flowclientsuspensionreasondetails":null,"creator":{"id":"994c41f4-2fd1-464e-9387-9ba37af9ba66","type":"User","tenantId":"7a60a629-e61f-430c-9c63-266653b2b899"},"provisioningMethod":"FromDefinition","failureAlertSubscription":true,"clientLastModifiedTime":"2025-05-30T16:25:32.7669451Z","connectionKeySavedTimeKey":"2025-05-30T16:25:32.7669451Z","creationSource":null},"$schema":"https://schema.management.azure.com/providers/Microsoft.Logic/schemas/2016-06-01/workflowdefinition.json#","contentVersion":"undefined","parameters":{"$authentication":{"defaultValue":{},"type":"SecureObject"},"$connections":{"defaultValue":{},"type":"Object"}},"triggers":{"Recurrence":{"recurrence":{"frequency":"Week","interval":"1","startTime":"2025-05-29 ","schedule":{"weekDays":["Monday"],"hours":["8"]},"timeZone":"GMT Standard Time"},"type":"Recurrence"}},"actions":{"Obter_itens":{"runAfter":{},"type":"OpenApiConnection","inputs":{"parameters":{"dataset":"https://myisepipp-my.sharepoint.com/personal/1220524_isep_ipp_pt","table":"3435e170-2b38-4150-a11c-83e7c725d31f","$filter":"Created ge '@{formatDateTime(addDays(utcNow(), -7), 'yyyy-MM-ddTHH:mm:ssZ')}'\n\n"},"host":{"apiId":"/providers/Microsoft.PowerApps/apis/shared_sharepointonline","connectionName":"shared_sharepointonline","operationId":"GetItems"},"authentication":"@parameters('$authentication')"}},"Condição":{"actions":{"Enviar_um_e-mail_(V2)":{"runAfter":{"Acrescentar_à_variável_da_cadeia_1":["Succeeded"]},"type":"OpenApiConnection","inputs":{"parameters":{"emailMessage/To":"1210184@isep.ipp.pt;1220524@isep.ipp.pt","emailMessage/Subject":"Resumo Semanal de Não Conformidades","emailMessage/Body":"<p class=\"editor-paragraph\">Olá,</p><p class=\"editor-paragraph\"><br>Segue o resumo das NCs registadas na última semana:</p><p class=\"editor-paragraph\"><br>@{variables('Tabela')}</p><p class=\"editor-paragraph\"><br>Cumprimentos,</p><p class=\"editor-paragraph\"><br>Departamento de Gestão de NCs</p>","emailMessage/Importance":"Normal"},"host":{"apiId":"/providers/Microsoft.PowerApps/apis/shared_office365","connectionName":"shared_office365","operationId":"SendEmailV2"},"authentication":"@parameters('$authentication')"}},"Selecionar":{"type":"Select","inputs":{"from":"@outputs('Obter_itens')?['body/value']","select":{"Descrição":"@item()?['Descricao_NC']","Departamento":"@item()?['Departamento']","Gravidade":"@item()?['Gravidade/Value']","Data da ocorrência":"@item()?['Data_Ocorrencia']","Ação Corretiva":"@item()?['Acao_Corretiva']","Estado":"@item()?['Estado/Value']"}}},"Definir_variável":{"runAfter":{"Selecionar":["Succeeded"]},"type":"SetVariable","inputs":{"name":"Tabela","value":"\n<table style=\"border-collapse: collapse; width: 100%; font-family: Arial, sans-serif; font-size: 13px;\">\n  <thead>\n    <tr style=\"background-color: #f2f2f2;\">\n      <th style=\"border: 1px solid #dddddd; padding: 10px; text-align: left;\">Descrição</th>\n      <th style=\"border: 1px solid #dddddd; padding: 10px; text-align: left;\">Departamento</th>\n      <th style=\"border: 1px solid #dddddd; padding: 10px; text-align: left;\">Gravidade</th>\n      <th style=\"border: 1px solid #dddddd; padding: 10px; text-align: left;\">Data da ocorrência</th>\n      <th style=\"border: 1px solid #dddddd; padding: 10px; text-align: left;\">Ação Corretiva</th>\n      <th style=\"border: 1px solid #dddddd; padding: 10px; text-align: left;\">Estado</th>\n    </tr>\n  </thead>\n  <tbody>\n\n"}},"Aplicar_a_cada":{"foreach":"@body('Selecionar')","actions":{"Acrescentar_à_variável_da_cadeia":{"type":"AppendToStringVariable","inputs":{"name":"Tabela","value":"<tr>\n<td style='border: 1px solid #dddddd; padding: 10px;'>@{items('Aplicar_a_cada')?['Descrição']}</td>\n<td style='border: 1px solid #dddddd; padding: 10px;'>@{items('Aplicar_a_cada')?['Departamento']}</td>\n<td style='border: 1px solid #dddddd; padding: 10px;'>@{items('Aplicar_a_cada')?['Gravidade']}</td>\n<td style='border: 1px solid #dddddd; padding: 10px;'>@{items('Aplicar_a_cada')?['Data da ocorrência']}</td>\n<td style='border: 1px solid #dddddd; padding: 10px;'>@{items('Aplicar_a_cada')?['Ação Corretiva']}</td>\n<td style='border: 1px solid #dddddd; padding: 10px;'>@{items('Aplicar_a_cada')?['Estado']}</td>\n</tr>\n\n\n"}}},"runAfter":{"Definir_variável":["Succeeded"]},"type":"Foreach"},"Acrescentar_à_variável_da_cadeia_1":{"runAfter":{"Aplicar_a_cada":["Succeeded"]},"type":"AppendToStringVariable","inputs":{"name":"Tabela","value":"</tbody></table>\n"}}},"runAfter":{"Inicializar_variável":["Succeeded"]},"else":{"actions":{"Enviar_um_e-mail_(V2)_1":{"type":"OpenApiConnection","inputs":{"parameters":{"emailMessage/To":"1210184@isep.ipp.pt;1220524@isep.ipp.pt","emailMessage/Subject":"Resumo Semanal das Não Conformidades\n","emailMessage/Body":"<p class=\"editor-paragraph\">Olá,</p><p class=\"editor-paragraph\"><br>Informamos que não foram registadas novas Não Conformidades na última semana.</p><p class=\"editor-paragraph\"><br>Cumprimentos,</p><p class=\"editor-paragraph\"><br>Departamento de Gestão de NCs</p><br>","emailMessage/Importance":"Normal"},"host":{"apiId":"/providers/Microsoft.PowerApps/apis/shared_office365","connectionName":"shared_office365","operationId":"SendEmailV2"},"authentication":"@parameters('$authentication')"}}}},"expression":{"and":[{"greater":["@\nlength(body('Obter_itens')?['value'])\n",0]}]},"type":"If"},"Inicializar_variável":{"runAfter":{"Obter_itens":["Succeeded"]},"type":"InitializeVariable","inputs":{"variables":[{"name":"Tabela","type":"string"}]}}}},"connectionReferences":{"shared_sharepointonline":{"connectionName":"shared-sharepointonl-3a899231-fda5-4a77-b410-30fb0f7a93bb","source":"Embedded","id":"/providers/Microsoft.PowerApps/apis/shared_sharepointonline","tier":"NotSpecified","apiName":"sharepointonline"},"shared_office365":{"connectionName":"shared-office365-d63e424e-38d3-4832-8ed0-525af414b60a","source":"Embedded","id":"/providers/Microsoft.PowerApps/apis/shared_office365","tier":"NotSpecified","apiName":"office365"}},"flowFailureAlertSubscribed":false,"isManaged":false}}