{"name":"54f0ab55-2bab-419a-b7df-ed6f36a48146","id":"/providers/Microsoft.Flow/flows/54f0ab55-2bab-419a-b7df-ed6f36a48146","type":"Microsoft.Flow/flows","properties":{"apiId":"/providers/Microsoft.PowerApps/apis/shared_logicflows","displayName":"Copiar de - TRABALHO FINAL (FLUXO 1)","definition":{"metadata":{"workflowEntityId":null,"processAdvisorMetadata":null,"flowChargedByPaygo":null,"flowclientsuspensionreason":"None","flowclientsuspensiontime":null,"flowclientsuspensionreasondetails":null,"creator":{"id":"994c41f4-2fd1-464e-9387-9ba37af9ba66","type":"User","tenantId":"7a60a629-e61f-430c-9c63-266653b2b899"},"provisioningMethod":"FromDefinition","failureAlertSubscription":true,"clientLastModifiedTime":"2025-05-30T16:25:23.2411302Z","connectionKeySavedTimeKey":"2025-05-30T16:25:23.2411302Z","creationSource":null},"$schema":"https://schema.management.azure.com/providers/Microsoft.Logic/schemas/2016-06-01/workflowdefinition.json#","contentVersion":"1.0.0.0","parameters":{"$authentication":{"defaultValue":{},"type":"SecureObject"},"$connections":{"defaultValue":{},"type":"Object"}},"triggers":{"Quando_for_submetida_uma_nova_resposta":{"splitOn":"@triggerOutputs()?['body/value']","metadata":{"operationMetadataId":"ec9f79c4-4f46-4c36-950c-916daeded958"},"type":"OpenApiConnectionWebhook","inputs":{"parameters":{"form_id":"KaZgeh_mDEOcYyZmU7K4mfRBTJnRL05Gk4ebo3r5umZUOUIxTDNaVlI4WDFaRkRDQVk3MDdJMlRIUS4u"},"host":{"apiId":"/providers/Microsoft.PowerApps/apis/shared_microsoftforms","connectionName":"shared_microsoftforms","operationId":"CreateFormWebhook"},"authentication":"@parameters('$authentication')"}}},"actions":{"Obter_detalhes_da_resposta":{"runAfter":{},"metadata":{"operationMetadataId":"75c64639-6bca-443a-a8f9-054cc650e01c"},"type":"OpenApiConnection","inputs":{"parameters":{"form_id":"KaZgeh_mDEOcYyZmU7K4mfRBTJnRL05Gk4ebo3r5umZUOUIxTDNaVlI4WDFaRkRDQVk3MDdJMlRIUS4u","response_id":"@triggerOutputs()?['body/resourceData/responseId']"},"host":{"apiId":"/providers/Microsoft.PowerApps/apis/shared_microsoftforms","connectionName":"shared_microsoftforms-1","operationId":"GetFormResponseById"},"authentication":"@parameters('$authentication')"}},"Criar_item":{"runAfter":{"Obter_detalhes_da_resposta":["Succeeded"]},"metadata":{"operationMetadataId":"409c4ba1-eb70-4868-9e2f-f2042d6d547f"},"type":"OpenApiConnection","inputs":{"parameters":{"dataset":"https://myisepipp-my.sharepoint.com/personal/1220524_isep_ipp_pt","table":"3435e170-2b38-4150-a11c-83e7c725d31f","item/Title":"@outputs('Obter_detalhes_da_resposta')?['body/rdf19ef5cc55f429388f65e7de8e297b5']","item/Descricao_NC":"@outputs('Obter_detalhes_da_resposta')?['body/rdf19ef5cc55f429388f65e7de8e297b5']","item/Departamento":"@outputs('Obter_detalhes_da_resposta')?['body/re8244f686bae4b59a0da8e46704bcdb7']","item/Gravidade/Value":"@outputs('Obter_detalhes_da_resposta')?['body/r7bb168472b5f4747b072e9f0c9f5e115']","item/Data_Ocorrencia":"@outputs('Obter_detalhes_da_resposta')?['body/r632fcd2b0a064a8395958aa50e46d3cb']","item/Acao_Corretiva":"@outputs('Obter_detalhes_da_resposta')?['body/rebe4d1a93a1f4f4dac0ec33a0915b745']"},"host":{"apiId":"/providers/Microsoft.PowerApps/apis/shared_sharepointonline","connectionName":"shared_sharepointonline","operationId":"PostItem"},"authentication":"@parameters('$authentication')"}},"Enviar_um_e-mail_(V2)_4":{"runAfter":{"Criar_item":["Succeeded"]},"metadata":{"operationMetadataId":"ff7ae52e-7131-469e-919c-8874e5e063fe"},"type":"OpenApiConnection","inputs":{"parameters":{"emailMessage/To":"@outputs('Obter_detalhes_da_resposta')?['body/responder']","emailMessage/Subject":"Registo de Não Conformidade submetido com sucesso","emailMessage/Body":"<p class=\"editor-paragraph\">Olá,<br><br>Registou uma nova Não Conformidade com os seguintes detallhes:<br><br>Departamento: @{outputs('Obter_detalhes_da_resposta')?['body/re8244f686bae4b59a0da8e46704bcdb7']}<br>Descrição: @{outputs('Obter_detalhes_da_resposta')?['body/rdf19ef5cc55f429388f65e7de8e297b5']}<br>Gravidade: @{outputs('Obter_detalhes_da_resposta')?['body/r7bb168472b5f4747b072e9f0c9f5e115']}<br>Data da Ocorrência: @{outputs('Obter_detalhes_da_resposta')?['body/r632fcd2b0a064a8395958aa50e46d3cb']}<br>Ação Corretiva Recomendada:@{outputs('Obter_detalhes_da_resposta')?['body/rebe4d1a93a1f4f4dac0ec33a0915b745']}<br><br><br>Cumprimentos,<br><br>Departamento de Gestão de NCs</p>","emailMessage/Importance":"Normal"},"host":{"apiId":"/providers/Microsoft.PowerApps/apis/shared_office365","connectionName":"shared_office365-1","operationId":"SendEmailV2"},"authentication":"@parameters('$authentication')"}},"Condição":{"actions":{"Enviar_um_e-mail_(V2)":{"metadata":{"operationMetadataId":"507f99e0-aa5b-47b4-8efc-e288b270028b"},"type":"OpenApiConnection","inputs":{"parameters":{"emailMessage/To":"1210184@isep.ipp.pt","emailMessage/Subject":"Nova Não Conformidade com Gravidade ALTA registada!","emailMessage/Body":"<p class=\"editor-paragraph\">Caro Gestor,<br><br>Foi registada uma nova Não Conformidade com gravidade Alta com os seguintes detalhes:<br><br>Departamento: @{outputs('Obter_detalhes_da_resposta')?['body/re8244f686bae4b59a0da8e46704bcdb7']}<br>Descrição: @{outputs('Obter_detalhes_da_resposta')?['body/rdf19ef5cc55f429388f65e7de8e297b5']}</p><p class=\"editor-paragraph\">Data da Ocorrência: @{outputs('Obter_detalhes_da_resposta')?['body/r632fcd2b0a064a8395958aa50e46d3cb']}<br>Ação Corretiva Recomendada: @{outputs('Obter_detalhes_da_resposta')?['body/rebe4d1a93a1f4f4dac0ec33a0915b745']}<br><br><br>Cumprimentos,<br><br>Departamento de Gestão de NCs</p><br>","emailMessage/Importance":"Normal"},"host":{"apiId":"/providers/Microsoft.PowerApps/apis/shared_office365","connectionName":"shared_office365","operationId":"SendEmailV2"},"authentication":"@parameters('$authentication')"}},"Iniciar_e_aguardar_por_uma_aprovação":{"runAfter":{"Atualizar_item_1":["Succeeded"]},"metadata":{"operationMetadataId":"81392739-ebd4-47f9-8e75-880fd3f36a4e"},"type":"OpenApiConnectionWebhook","inputs":{"parameters":{"approvalType":"Basic","WebhookApprovalCreationInput/title":"Aprovação de Não Conformidade ","WebhookApprovalCreationInput/assignedTo":"1220524@isep.ipp.pt","WebhookApprovalCreationInput/details":"Foi registada uma nova Não Conformidade por <strong> @{outputs('Obter_detalhes_da_resposta')?['body/responder']}</strong>, com os seguintes detalhes:\n\n<b>Departamento:</b> @{outputs('Obter_detalhes_da_resposta')?['body/re8244f686bae4b59a0da8e46704bcdb7']} \n\n<b>Descrição:</b> @{outputs('Obter_detalhes_da_resposta')?['body/rdf19ef5cc55f429388f65e7de8e297b5']} \n\n<b>Gravidade:</b>@{outputs('Obter_detalhes_da_resposta')?['body/r7bb168472b5f4747b072e9f0c9f5e115']}  \n\n<b>Data da Ocorrência:</b> @{outputs('Obter_detalhes_da_resposta')?['body/r632fcd2b0a064a8395958aa50e46d3cb']} \n\n<b>Ação Corretiva Recomendada:</b> @{outputs('Obter_detalhes_da_resposta')?['body/rebe4d1a93a1f4f4dac0ec33a0915b745']} \n\nPor favor, aprove ou rejeite esta solicitação conforme apropriado.\n","WebhookApprovalCreationInput/enableNotifications":true,"WebhookApprovalCreationInput/enableReassignment":true},"host":{"apiId":"/providers/Microsoft.PowerApps/apis/shared_approvals","connectionName":"shared_approvals","operationId":"StartAndWaitForAnApproval"},"authentication":"@parameters('$authentication')"}},"Condição_1":{"actions":{},"runAfter":{"Iniciar_e_aguardar_por_uma_aprovação":["Succeeded"]},"else":{"actions":{"For_each":{"foreach":"@outputs('Iniciar_e_aguardar_por_uma_aprovação')?['body/responses']","actions":{"Enviar_um_e-mail_(V2)_3":{"metadata":{"operationMetadataId":"3f4e1c85-8669-4052-ae96-045c923afacc"},"type":"OpenApiConnection","inputs":{"parameters":{"emailMessage/To":"@outputs('Obter_detalhes_da_resposta')?['body/responder']","emailMessage/Subject":"Resultado da Aprovação da Não Conformidade","emailMessage/Body":"<p class=\"editor-paragraph\">Olá,</p><p class=\"editor-paragraph\"><br>A ação corretiva sugerida para a sua Não Conformidade não foi aprovada.</p><br><p class=\"editor-paragraph\">A nova ação corretiva proposta é:<br>@{items('For_each')?['comments']}<br></p><br><p class=\"editor-paragraph\">Cumprimentos,<br><br>Departamento de Gestão de NCs</p>","emailMessage/Importance":"Normal"},"host":{"apiId":"/providers/Microsoft.PowerApps/apis/shared_office365","connectionName":"shared_office365-1","operationId":"SendEmailV2"},"authentication":"@parameters('$authentication')"}},"Atualizar_item_2":{"runAfter":{"Enviar_um_e-mail_(V2)_3":["Succeeded"]},"type":"OpenApiConnection","inputs":{"parameters":{"dataset":"https://myisepipp-my.sharepoint.com/personal/1220524_isep_ipp_pt","table":"3435e170-2b38-4150-a11c-83e7c725d31f","id":"@outputs('Criar_item')?['body/ID']","item/Acao_Corretiva":"@items('For_each')?['comments']","item/Estado/Value":"@if(equals(outputs('Iniciar_e_aguardar_por_uma_aprovação')?['body/outcome'], 'Approve'), 'Aprovado', 'Não Aprovado')\n"},"host":{"apiId":"/providers/Microsoft.PowerApps/apis/shared_sharepointonline","connectionName":"shared_sharepointonline","operationId":"PatchItem"},"authentication":"@parameters('$authentication')"}}},"metadata":{"operationMetadataId":"78b4b1fb-8464-4332-bdfe-fded17066d9d"},"type":"Foreach"}}},"expression":{"and":[{"equals":["@outputs('Iniciar_e_aguardar_por_uma_aprovação')?['body/outcome']","Approve"]}]},"metadata":{"operationMetadataId":"5f50af79-9a1e-4d12-9252-30a907ef8f69"},"type":"If"},"Atualizar_item_1":{"runAfter":{"Enviar_um_e-mail_(V2)":["Succeeded"]},"type":"OpenApiConnection","inputs":{"parameters":{"dataset":"https://myisepipp-my.sharepoint.com/personal/1220524_isep_ipp_pt","table":"3435e170-2b38-4150-a11c-83e7c725d31f","id":"@outputs('Criar_item')?['body/ID']","item/Estado/Value":"Pendente"},"host":{"apiId":"/providers/Microsoft.PowerApps/apis/shared_sharepointonline","connectionName":"shared_sharepointonline","operationId":"PatchItem"},"authentication":"@parameters('$authentication')"}}},"runAfter":{"Enviar_um_e-mail_(V2)_4":["Succeeded"]},"else":{"actions":{"Enviar_um_e-mail_(V2)_1":{"metadata":{"operationMetadataId":"868f76b9-6899-48af-9e34-8d9676d8dbca"},"type":"OpenApiConnection","inputs":{"parameters":{"emailMessage/To":"1220524@isep.ipp.pt","emailMessage/Subject":"Nova Não Conformidade com Gravidade BAIXA registada!","emailMessage/Body":"<p class=\"editor-paragraph\">Caro Administrador,<br><br>Foi registada uma nova Não Conformidade com gravidade baixa com os seguintes detalhes:<br><br>Departamento:@{outputs('Obter_detalhes_da_resposta')?['body/re8244f686bae4b59a0da8e46704bcdb7']}<br>Descrição:@{outputs('Obter_detalhes_da_resposta')?['body/rdf19ef5cc55f429388f65e7de8e297b5']}<br>Data da Ocorrência:@{outputs('Obter_detalhes_da_resposta')?['body/r632fcd2b0a064a8395958aa50e46d3cb']}<br>Ação Corretiva Recomendada:@{outputs('Obter_detalhes_da_resposta')?['body/rebe4d1a93a1f4f4dac0ec33a0915b745']}<br><br>Cumprimentos,<br><br>Departamento de Gestão de NCs</p><br>","emailMessage/Importance":"Normal"},"host":{"apiId":"/providers/Microsoft.PowerApps/apis/shared_office365","connectionName":"shared_office365","operationId":"SendEmailV2"},"authentication":"@parameters('$authentication')"}},"Iniciar_e_aguardar_por_uma_aprovação_1":{"runAfter":{"Atualizar_item_3":["Succeeded"]},"metadata":{"operationMetadataId":"850e2dc1-10bc-4c42-a692-fc55dec68b99"},"type":"OpenApiConnectionWebhook","inputs":{"parameters":{"approvalType":"Basic","WebhookApprovalCreationInput/title":"Aprovação de Não Conformidade ","WebhookApprovalCreationInput/assignedTo":"1220524@isep.ipp.pt","WebhookApprovalCreationInput/details":"Foi registada uma nova Não Conformidade por <strong> @{outputs('Obter_detalhes_da_resposta')?['body/responder']}</strong>, com os seguintes detalhes:\n\n<b>Departamento:</b> @{outputs('Obter_detalhes_da_resposta')?['body/re8244f686bae4b59a0da8e46704bcdb7']} \n\n<b>Descrição:</b> @{outputs('Obter_detalhes_da_resposta')?['body/rdf19ef5cc55f429388f65e7de8e297b5']} \n\n<b>Gravidade:</b>@{outputs('Obter_detalhes_da_resposta')?['body/r7bb168472b5f4747b072e9f0c9f5e115']}  \n\n<b>Data da Ocorrência:</b> @{outputs('Obter_detalhes_da_resposta')?['body/r632fcd2b0a064a8395958aa50e46d3cb']} \n\n<b>Ação Corretiva Recomendada:</b> @{outputs('Obter_detalhes_da_resposta')?['body/rebe4d1a93a1f4f4dac0ec33a0915b745']} \n\n\nPor favor, aprove ou rejeite esta solicitação conforme apropriado.","WebhookApprovalCreationInput/enableNotifications":true,"WebhookApprovalCreationInput/enableReassignment":true},"host":{"apiId":"/providers/Microsoft.PowerApps/apis/shared_approvals","connectionName":"shared_approvals","operationId":"StartAndWaitForAnApproval"},"authentication":"@parameters('$authentication')"}},"Condição_2":{"actions":{},"runAfter":{"Iniciar_e_aguardar_por_uma_aprovação_1":["Succeeded"]},"else":{"actions":{"For_each_1":{"foreach":"@outputs('Iniciar_e_aguardar_por_uma_aprovação_1')?['body/responses']","actions":{"Enviar_um_e-mail_(V2)_6":{"metadata":{"operationMetadataId":"2c2dad12-6643-48ac-9037-f1a35bf3e63c"},"type":"OpenApiConnection","inputs":{"parameters":{"emailMessage/To":"@outputs('Obter_detalhes_da_resposta')?['body/responder']","emailMessage/Subject":"Resultado da Aprovação da Não Conformidade","emailMessage/Body":"<p class=\"editor-paragraph\">Olá,</p><p class=\"editor-paragraph\"><br>A ação corretiva sugerida para a sua Não Conformidade não foi aprovada.<br><br>A nova ação corretiva proposta é:</p><p class=\"editor-paragraph\">@{items('For_each_1')?['comments']}<br><br><br>Cumprimentos,<br><br>Departamento de Gestão de NCs</p>","emailMessage/Importance":"Normal"},"host":{"apiId":"/providers/Microsoft.PowerApps/apis/shared_office365","connectionName":"shared_office365-1","operationId":"SendEmailV2"},"authentication":"@parameters('$authentication')"}},"Atualizar_item":{"runAfter":{"Enviar_um_e-mail_(V2)_6":["Succeeded"]},"type":"OpenApiConnection","inputs":{"parameters":{"dataset":"https://myisepipp-my.sharepoint.com/personal/1220524_isep_ipp_pt","table":"3435e170-2b38-4150-a11c-83e7c725d31f","id":"@outputs('Criar_item')?['body/ID']","item/Acao_Corretiva":"@items('For_each_1')?['comments']","item/Estado/Value":"@outputs('Iniciar_e_aguardar_por_uma_aprovação_1')?['body/outcome']"},"host":{"apiId":"/providers/Microsoft.PowerApps/apis/shared_sharepointonline","connectionName":"shared_sharepointonline","operationId":"PatchItem"},"authentication":"@parameters('$authentication')"}}},"metadata":{"operationMetadataId":"01a07d2f-cf4f-4bd1-8d3c-fa72a306e392"},"type":"Foreach"}}},"expression":{"and":[{"equals":["@outputs('Iniciar_e_aguardar_por_uma_aprovação_1')?['body/outcome']","approve"]}]},"metadata":{"operationMetadataId":"8ca0e3f3-ddf0-489a-b654-5d441119c5d9"},"type":"If"},"Atualizar_item_3":{"runAfter":{"Enviar_um_e-mail_(V2)_1":["Succeeded"]},"type":"OpenApiConnection","inputs":{"parameters":{"dataset":"https://myisepipp-my.sharepoint.com/personal/1220524_isep_ipp_pt","table":"3435e170-2b38-4150-a11c-83e7c725d31f","id":"@outputs('Criar_item')?['body/ID']","item/Estado/Value":"Pendente"},"host":{"apiId":"/providers/Microsoft.PowerApps/apis/shared_sharepointonline","connectionName":"shared_sharepointonline","operationId":"PatchItem"},"authentication":"@parameters('$authentication')"}}}},"expression":{"and":[{"equals":["@outputs('Obter_detalhes_da_resposta')?['body/r7bb168472b5f4747b072e9f0c9f5e115']","Alta"]}]},"metadata":{"operationMetadataId":"2f7f3775-40ac-4934-b93d-052f05c5ef63"},"type":"If"}},"outputs":{}},"connectionReferences":{"shared_microsoftforms":{"connectionName":"shared-microsoftform-ddfc076b-3ced-4f8b-8d17-4dad9c3db6ca","source":"Embedded","id":"/providers/Microsoft.PowerApps/apis/shared_microsoftforms","tier":"NotSpecified","apiName":"microsoftforms"},"shared_microsoftforms-1":{"connectionName":"shared-microsoftform-a2bf599d-ff73-4d17-88ea-91b56d5398b7","source":"Embedded","id":"/providers/Microsoft.PowerApps/apis/shared_microsoftforms","tier":"NotSpecified","apiName":"microsoftforms"},"shared_sharepointonline":{"connectionName":"shared-sharepointonl-3a899231-fda5-4a77-b410-30fb0f7a93bb","source":"Embedded","id":"/providers/Microsoft.PowerApps/apis/shared_sharepointonline","tier":"NotSpecified","apiName":"sharepointonline"},"shared_office365-1":{"connectionName":"shared-office365-d63e424e-38d3-4832-8ed0-525af414b60a","source":"Embedded","id":"/providers/Microsoft.PowerApps/apis/shared_office365","tier":"NotSpecified","apiName":"office365"},"shared_office365":{"connectionName":"shared-office365-d63e424e-38d3-4832-8ed0-525af414b60a","source":"Embedded","id":"/providers/Microsoft.PowerApps/apis/shared_office365","tier":"NotSpecified","apiName":"office365"},"shared_approvals":{"connectionName":"shared-approvals-e8590e34-4e0c-4038-bf93-ba5cffe583e3","source":"Embedded","id":"/providers/Microsoft.PowerApps/apis/shared_approvals","tier":"NotSpecified","apiName":"approvals"}},"flowFailureAlertSubscribed":false,"isManaged":false}}